{
  "keyframes": [
    {
      "rotations": {
        "GLTF_created_0_rootJoint": {
          "x": -1.7114272665708086e-8,
          "y": 4.840647349624308e-8,
          "z": -4.142207868136561e-16
        },
        "Bone_52": {
          "x": 2.830216809407448e-15,
          "y": 2.1837678332303767e-9,
          "z": 5.177520969178716e-23
        },
        "Bone001_23": {
          "x": 0,
          "y": 0,
          "z": 0.3752457891787809
        },
        "Bone002_2": {
          "x": -0.7491473652617494,
          "y": 0.0050342297135114004,
          "z": 0.14683760921206146
        },
        "Bone003_1": {
          "x": 0.012832530622777146,
          "y": -0.01978164900361748,
          "z": 0.14603537328412444
        },
        "Bone004_4": {
          "x": 0.76306716065585,
          "y": -0.007030792827254333,
          "z": 0.14422494720003398
        },
        "Bone005_3": {
          "x": -0.04636738245465058,
          "y": 0.002394437683814617,
          "z": 0.12369145288608331
        },
        "Bone006_6": {
          "x": 1.8195395511332931e-7,
          "y": -5.639970664070411e-8,
          "z": -0.37388936278920304
        },
        "Bone007_5": {
          "x": 1.1895000189225236e-7,
          "y": 1.7503610581293735e-8,
          "z": -0.8742447820199519
        },
        "Bone008_8": {
          "x": 2.2378831936188338e-7,
          "y": -1.0065530844372667e-7,
          "z": -1.5707957868042306
        },
        "Bone009_7": {
          "x": -1.2244388594992325e-8,
          "y": -1.9520968774702177e-7,
          "z": -0.1514416532456067
        },
        "Bone010_9": {
          "x": 6.458914913487116e-8,
          "y": 4.633822228961206e-8,
          "z": 2.3413531503776768
        },
        "Bone012_11": {
          "x": 0.6188061553741332,
          "y": -0.6624791230503688,
          "z": -0.7124142945777182
        },
        "Bone013_10": {
          "x": -0.6114992518444147,
          "y": -0.19143765487326836,
          "z": -0.617380642176935
        },
        "Bone014_13": {
          "x": -0.7049743856438953,
          "y": -0.624034844999608,
          "z": -2.539808996678371
        },
        "Bone015_12": {
          "x": -0.7002506488892342,
          "y": 0.08732843479721626,
          "z": 0.3985420000863538
        },
        "Bone016_15": {
          "x": -0.6179093258098898,
          "y": 0.6647863202788908,
          "z": -0.7148141470789087
        },
        "Bone017_14": {
          "x": 0.6091766273111742,
          "y": 0.19132096745806082,
          "z": -0.6109178739951922
        },
        "Bone018_17": {
          "x": 0.6083535536099275,
          "y": 0.5701742340019351,
          "z": -2.482270472664191
        },
        "Bone019_16": {
          "x": 0.5286623170175706,
          "y": -0.1169853121900638,
          "z": 0.38615077297356754
        },
        "Bone020_30": {
          "x": 1.889133809071551,
          "y": -4.144001595207788e-7,
          "z": -0.21424151455307178
        },
        "Bone021_29": {
          "x": 0.4886921905584123,
          "y": -0.061086523819801536,
          "z": -0.5759586531581288
        },
        "Bone022_28": {
          "x": -0.08726646259971647,
          "y": 0.7766715171374766,
          "z": 0.7766715171374766
        },
        "Bone023_27": {
          "x": -0.021567717360816648,
          "y": 1.902600846804343e-9,
          "z": 5.4008068782508735e-9
        },
        "Bone024_24": {
          "x": 1.4922565104551517,
          "y": 0,
          "z": 0
        },
        "Bone025_26": {
          "x": -0.031027889879144975,
          "y": -0.06279419981906635,
          "z": 2.223920980652502
        },
        "Bone026_25": {
          "x": -0.015086401043209236,
          "y": -0.535133369625715,
          "z": -1.8328247752231128
        },
        "Bone029_32": {
          "x": -1.249970656214605e-7,
          "y": 6.19043561763906e-7,
          "z": -2.757218514566052
        },
        "Bone030_31": {
          "x": 1.4784618583631813e-7,
          "y": 1.5200929447208426e-7,
          "z": 0.3568032433799029
        },
        "Bone031_39": {
          "x": -1.9205115521090894,
          "y": -1.9804295980918596e-8,
          "z": -0.2498249018909182
        },
        "Bone032_38": {
          "x": -0.4886921905584123,
          "y": -0.061086523819801536,
          "z": -0.5759586531581288
        },
        "Bone033_37": {
          "x": 0.08726646259971647,
          "y": -0.7766715171374766,
          "z": 0.7766715171374766
        },
        "Bone034_36": {
          "x": -0.06850498683440291,
          "y": -0.00011042724909966186,
          "z": 0.003221732322066286
        },
        "Bone035_33": {
          "x": -1.4922565104551517,
          "y": -0.008726646259971648,
          "z": 0.026179938779914945
        },
        "Bone036_35": {
          "x": 0.01707787683530451,
          "y": 0.030775053459653985,
          "z": 2.1283809734945285
        },
        "Bone037_34": {
          "x": 0.029099786626539222,
          "y": -0.04038257020016713,
          "z": -1.8928165774058705
        },
        "Bone038_45": {
          "x": -2.9700296534901667,
          "y": 1.4641802838661633e-7,
          "z": -8.636900678856482e-9
        },
        "Bone039_44": {
          "x": 0,
          "y": 0,
          "z": 0
        },
        "Bone040_43": {
          "x": 0,
          "y": 0,
          "z": -0.8028514559173916
        },
        "Bone041_42": {
          "x": 0,
          "y": -0.03490658503988659,
          "z": -0.5759586531581288
        },
        "Bone042_41": {
          "x": -0.10321405430067292,
          "y": -0.0294039084641518,
          "z": 2.129879618394293
        },
        "Bone043_40": {
          "x": 0.008726646259971648,
          "y": 0,
          "z": 0.7504915783575618
        },
        "Bone044_51": {
          "x": 2.9461012349103677,
          "y": -2.3671231260066794e-7,
          "z": 9.827100784196446e-9
        },
        "Bone045_50": {
          "x": 0,
          "y": 0,
          "z": 0.4886921905584123
        },
        "Bone046_49": {
          "x": 0,
          "y": 0,
          "z": -0.5759586531581288
        },
        "Bone047_48": {
          "x": 0,
          "y": -0.03490658503988659,
          "z": -0.5846852994181004
        },
        "Bone048_47": {
          "x": 0.03890242867488094,
          "y": 0.07107736368203862,
          "z": 2.140272204418454
        },
        "Bone049_46": {
          "x": 0.02897581769320047,
          "y": -0.0037653344735733515,
          "z": -0.25844142404630155
        }
      },
      "modelY": 0
    },
    {
      "rotations": {
        "GLTF_created_0_rootJoint": {
          "x": -1.7114272665708086e-8,
          "y": 4.840647349624308e-8,
          "z": -4.142207868136561e-16
        },
        "Bone_52": {
          "x": 2.830216809407448e-15,
          "y": 2.1837678332303767e-9,
          "z": 5.177520969178716e-23
        },
        "Bone001_23": {
          "x": 0,
          "y": 0,
          "z": -0.3141592653589793
        },
        "Bone002_2": {
          "x": -0.7491473652617494,
          "y": 0.0050342297135114004,
          "z": 0.14683760921206146
        },
        "Bone003_1": {
          "x": 0.012832530622777146,
          "y": -0.01978164900361748,
          "z": 0.14603537328412444
        },
        "Bone004_4": {
          "x": 0.76306716065585,
          "y": -0.007030792827254333,
          "z": 0.14422494720003398
        },
        "Bone005_3": {
          "x": -0.04636738245465058,
          "y": 0.002394437683814617,
          "z": 0.12369145288608331
        },
        "Bone006_6": {
          "x": 1.8195395511332931e-7,
          "y": -5.639970664070411e-8,
          "z": -0.37388936278920304
        },
        "Bone007_5": {
          "x": 1.1895000189225236e-7,
          "y": 1.7503610581293735e-8,
          "z": -0.8742447820199519
        },